
Microsoft Windows [Versión 10.0.19045.2728]
(c) Microsoft Corporation. Todos los derechos reservados.

C:\Users\angel>"C:\Users\angel\Desktop\MySQL Shell.lnk"
MySQL Shell 8.0.32

Copyright (c) 2016, 2023, Oracle and/or its affiliates.
Oracle is a registered trademark of Oracle Corporation and/or its affiliates.
Other names may be trademarks of their respective owners.

Type '\help' or '\?' for help; '\quit' to exit.
 MySQL  JS > \sql
Switching to SQL mode... Commands end with ;
 MySQL  SQL > \connect --mc root@localhost
Creating a Classic session to 'root@localhost'
Please provide the password for 'root@localhost': ****
Save password for 'root@localhost'? [Y]es/[N]o/Ne[v]er (default No): n
Fetching global names for auto-completion... Press ^C to stop.
Your MySQL connection id is 9
Server version: 8.0.32 MySQL Community Server - GPL
No default schema selected; type \use <schema> to set one.
 MySQL  localhost:3306 ssl  SQL > show databases;
+--------------------+
| Database           |
+--------------------+
| agencia            |
| comp2              |
| company            |
| eva_2              |
| evaluacion_1       |
| human_resources    |
| information_schema |
| mysql              |
| performance_schema |
| sakila             |
| sys                |
| world              |
+--------------------+
12 rows in set (0.0007 sec)
 MySQL  localhost:3306 ssl  SQL > use company;
Default schema set to `company`.
Fetching global names, object names from `company` for auto-completion... Press ^C to stop.
 MySQL  localhost:3306 ssl  company  SQL > \use company;
Default schema set to `company`.
Fetching global names, object names from `company` for auto-completion... Press ^C to stop.
 MySQL  localhost:3306 ssl  company  SQL > \use company;
Default schema set to `company`.
Fetching global names, object names from `company` for auto-completion... Press ^C to stop.
 MySQL  localhost:3306 ssl  company  SQL > select a.first_name, a.last_name, b.department_name from employees a inner join departments b on a.department_id = b.department_id;select a.first_name, a.last_name, b.department_name from employees a inner join departments b on a.department_id = b.department_id;
ERROR: 1146 (42S02): Table 'company.employees' doesn't exist
ERROR: 1146 (42S02): Table 'company.employees' doesn't exist
 MySQL  localhost:3306 ssl  company  SQL > \use comp2
Default schema set to `comp2`.
Fetching global names, object names from `comp2` for auto-completion... Press ^C to stop.
 MySQL  localhost:3306 ssl  comp2  SQL >
 MySQL  localhost:3306 ssl  comp2  SQL > select a.first_name, a.last_name, b.department_name from employees a inner join departments b on a.department_id = b.department_id;
+-------------+-------------+------------------+
| first_name  | last_name   | department_name  |
+-------------+-------------+------------------+
| Jennifer    | Whalen      | Administration   |
| Michael     | Hartstein   | Marketing        |
| Pat         | Fay         | Marketing        |
| Den         | Raphaely    | Purchasing       |
| Alexander   | Khoo        | Purchasing       |
| Shelli      | Baida       | Purchasing       |
| Sigal       | Tobias      | Purchasing       |
| Guy         | Himuro      | Purchasing       |
| Karen       | Colmenares  | Purchasing       |
| Susan       | Mavris      | Human Resources  |
| Matthew     | Weiss       | Shipping         |
| Adam        | Fripp       | Shipping         |
| Payam       | Kaufling    | Shipping         |
| Shanta      | Vollman     | Shipping         |
| Kevin       | Mourgos     | Shipping         |
| Julia       | Nayer       | Shipping         |
| Irene       | Mikkilineni | Shipping         |
| James       | Landry      | Shipping         |
| Steven      | Markle      | Shipping         |
| Laura       | Bissot      | Shipping         |
| Mozhe       | Atkinson    | Shipping         |
| James       | Marlow      | Shipping         |
| TJ          | Olson       | Shipping         |
| Jason       | Mallin      | Shipping         |
| Michael     | Rogers      | Shipping         |
| Ki          | Gee         | Shipping         |
| Hazel       | Philtanker  | Shipping         |
| Renske      | Ladwig      | Shipping         |
| Stephen     | Stiles      | Shipping         |
| John        | Seo         | Shipping         |
| Joshua      | Patel       | Shipping         |
| Trenna      | Rajs        | Shipping         |
| Curtis      | Davies      | Shipping         |
| Randall     | Matos       | Shipping         |
| Peter       | Vargas      | Shipping         |
| Winston     | Taylor      | Shipping         |
| Jean        | Fleaur      | Shipping         |
| Martha      | Sullivan    | Shipping         |
| Girard      | Geoni       | Shipping         |
| Nandita     | Sarchand    | Shipping         |
| Alexis      | Bull        | Shipping         |
| Julia       | Dellinger   | Shipping         |
| Anthony     | Cabrio      | Shipping         |
| Kelly       | Chung       | Shipping         |
| Jennifer    | Dilly       | Shipping         |
| Timothy     | Gates       | Shipping         |
| Randall     | Perkins     | Shipping         |
| Sarah       | Bell        | Shipping         |
| Britney     | Everett     | Shipping         |
| Samuel      | McCain      | Shipping         |
| Vance       | Jones       | Shipping         |
| Alana       | Walsh       | Shipping         |
| Kevin       | Feeney      | Shipping         |
| Donald      | OConnell    | Shipping         |
| Douglas     | Grant       | Shipping         |
| Alexander   | Hunold      | IT               |
| Bruce       | Ernst       | IT               |
| David       | Austin      | IT               |
| Valli       | Pataballa   | IT               |
| Diana       | Lorentz     | IT               |
| Hermann     | Baer        | Public Relations |
| John        | Russell     | Sales            |
| Karen       | Partners    | Sales            |
| Alberto     | Errazuriz   | Sales            |
| Gerald      | Cambrault   | Sales            |
| Eleni       | Zlotkey     | Sales            |
| Peter       | Tucker      | Sales            |
| David       | Bernstein   | Sales            |
| Peter       | Hall        | Sales            |
| Christopher | Olsen       | Sales            |
| Nanette     | Cambrault   | Sales            |
| Oliver      | Tuvault     | Sales            |
| Janette     | King        | Sales            |
| Patrick     | Sully       | Sales            |
| Allan       | McEwen      | Sales            |
| Lindsey     | Smith       | Sales            |
| Louise      | Doran       | Sales            |
| Sarath      | Sewall      | Sales            |
| Clara       | Vishney     | Sales            |
| Danielle    | Greene      | Sales            |
| Mattea      | Marvins     | Sales            |
| David       | Lee         | Sales            |
| Sundar      | Ande        | Sales            |
| Amit        | Banda       | Sales            |
| Lisa        | Ozer        | Sales            |
| Harrison    | Bloom       | Sales            |
| Tayler      | Fox         | Sales            |
| William     | Smith       | Sales            |
| Elizabeth   | Bates       | Sales            |
| Sundita     | Kumar       | Sales            |
| Ellen       | Abel        | Sales            |
| Alyssa      | Hutton      | Sales            |
| Jonathon    | Taylor      | Sales            |
| Jack        | Livingston  | Sales            |
| Charles     | Johnson     | Sales            |
| Steven      | King        | Executive        |
| Neena       | Kochhar     | Executive        |
| Lex         | De Haan     | Executive        |
| Nancy       | Greenberg   | Finance          |
| Daniel      | Faviet      | Finance          |
| John        | Chen        | Finance          |
| Ismael      | Sciarra     | Finance          |
| Jose Manuel | Urman       | Finance          |
| Luis        | Popp        | Finance          |
| Shelley     | Higgins     | Accounting       |
| William     | Gietz       | Accounting       |
+-------------+-------------+------------------+
106 rows in set (0.0010 sec)
 MySQL  localhost:3306 ssl  comp2  SQL > Se me cerró y perdi todo lo del principio :'(
